USER_ID,USERNAME,PASSWORD,USER_TYPE,EMAIL,FULL_NAME,PHONE_NUMBER
1,guest9,ttxfclqizqzq,Customer,guest9@demo.com,William Martin,+1-600-2479
2,john36,vltggpuicsig,Admin,john36@example.com,Patricia Lopez,+1-233-3490
3,doe97,teepzmpakirj,Admin,doe97@test.com,Thomas Smith,+1-151-9199
4,admin68,ykyjtyehhcke,Admin,admin68@demo.com,Jennifer Gonzalez,+1-797-6203
5,sample20,wroxbylvpody,Business,sample20@demo.com,James Davis,+1-717-8635
6,default76,nsxzycrqzuik,Business,default76@example.com,David Thomas,+1-706-6110
7,test19,qyoacgrnxxdb,Business,test19@demo.com,Sarah Thomas,+1-273-2525
8,user21,wijzvuftwcjc,Customer,user21@demo.com,Patricia Martin,+1-494-2842
9,test76,cogltcuxyuov,Customer,test76@test.com,David Williams,+1-266-4242
10,john69,enbbzgtwbzlw,Admin,john69@demo.com,Thomas Jones,+1-376-5294
11,sample88,sjodotysbill,Business,sample88@example.com,Jessica Wilson,+1-668-5319
12,guest33,ahemawswtrso,Customer,guest33@example.com,Elizabeth Davis,+1-791-5583
13,doe55,drtbnzmwdssm,Admin,doe55@test.com,David Johnson,+1-743-8969
14,user85,ubuwjnklzdpk,Admin,user85@demo.com,Linda Smith,+1-696-2979
15,jane6,fuybxghpafef,Business,jane6@example.com,Linda Rodriguez,+1-228-5968
16,admin39,wwcflxturczd,Customer,admin39@example.com,Linda Moore,+1-425-3545
17,john53,hrpvuviixbvx,Admin,john53@test.com,David Wilson,+1-160-5085
18,doe34,tqpyiccxriqz,Business,doe34@test.com,Jennifer Davis,+1-770-5146
19,jane19,uatgfjcxxald,Admin,jane19@test.com,Jennifer Rodriguez,+1-913-1182
20,user34,jybjfhvseakd,Admin,user34@demo.com,William Rodriguez,+1-254-9286
21,doe57,ezgpqrhohoih,Business,doe57@example.com,Patricia Smith,+1-506-7694
22,admin20,fgwpawcdvxqo,Admin,admin20@demo.com,Richard Moore,+1-940-2865
23,jane37,zfkhxkphkcuv,Admin,jane37@test.com,Linda Garcia,+1-559-7485
24,default18,ovxqopqoesca,Admin,default18@test.com,Richard Jackson,+1-189-2043
25,test84,rabhjfwawqzv,Admin,test84@example.com,Charles Davis,+1-777-5121
26,doe96,bdkvrssztcmq,Business,doe96@example.com,Mary Smith,+1-360-8724
27,jane21,eyspeqqsvryq,Admin,jane21@test.com,Michael Martin,+1-958-5552
28,guest79,ygkszcvboaqk,Business,guest79@demo.com,Charles Williams,+1-388-6448
29,test78,oumkuueyznhb,Admin,test78@example.com,David Hernandez,+1-444-2437
30,guest76,akqvdhvxonml,Admin,guest76@test.com,John Jones,+1-478-1068
31,user44,irwdgppluokl,Admin,user44@test.com,Susan Taylor,+1-420-5034
32,guest81,uevvezbbukfz,Business,guest81@demo.com,Jessica Jackson,+1-741-8479
33,sample20,hqdbrfvhvokc,Business,sample20@example.com,Robert Williams,+1-481-7422
34,user97,mzanybndsxdo,Admin,user97@example.com,Charles Lopez,+1-601-6331
35,test6,frvsmrsioczw,Admin,test6@example.com,Linda Hernandez,+1-493-4181
36,default25,pmsskyjsmyca,Customer,default25@demo.com,Robert Jones,+1-528-9791
37,jane26,ozjozehnbyeg,Admin,jane26@demo.com,Mary Garcia,+1-247-2112
38,doe9,lxgeyhwtrtcp,Business,doe9@test.com,Barbara Taylor,+1-493-3918
39,john6,falkxkhqkmjv,Admin,john6@demo.com,Joseph Taylor,+1-388-2629
40,sample59,vrsbujziwtqw,Business,sample59@demo.com,William Lopez,+1-258-8335
41,admin20,bnykfcfhvgoh,Admin,admin20@example.com,Jennifer Davis,+1-984-4410
42,test75,jbtboyqvoksu,Admin,test75@demo.com,Susan Johnson,+1-543-6039
43,doe1,jlmosbwqbzmg,Business,doe1@test.com,Linda Williams,+1-623-1555
44,doe81,iowrmsouohbe,Customer,doe81@demo.com,Sarah Moore,+1-710-1136
45,test19,pocrwplkxftz,Business,test19@test.com,Elizabeth Hernandez,+1-719-9348
46,jane35,szpwxrgslxch,Customer,jane35@test.com,David Davis,+1-464-2673
47,sample67,dmuazekktcbm,Admin,sample67@example.com,Joseph Moore,+1-328-3883
48,doe79,fnlkclwjbpbu,Admin,doe79@test.com,Sarah Wilson,+1-565-7896
49,demo85,ovbhozncyidu,Admin,demo85@demo.com,William Jones,+1-822-5123
50,user35,bxrnzzxfrgzp,Customer,user35@test.com,Joseph Brown,+1-206-2188
51,john83,vnavimyhhogm,Business,john83@demo.com,Patricia Hernandez,+1-402-9765
52,doe87,hktpxukhnbly,Customer,doe87@demo.com,James Smith,+1-784-8537
53,default52,plyttjkkmvvj,Customer,default52@demo.com,Linda Jones,+1-500-8006
54,doe65,ooimhyozeqoi,Customer,doe65@example.com,Jennifer Miller,+1-666-4812
55,doe22,zcakjliziusn,Business,doe22@test.com,Patricia Thomas,+1-856-9595
56,demo71,ezpaxqcuyplc,Customer,demo71@test.com,Patricia Lopez,+1-607-8453
57,john66,ugkyegvaaqom,Customer,john66@test.com,Sarah Anderson,+1-831-5207
58,john35,ljkmbeklffzk,Business,john35@demo.com,David Garcia,+1-501-9458
59,admin41,dofqylrrnuxr,Business,admin41@test.com,Richard Rodriguez,+1-474-5787
60,doe81,lswijlabxhss,Customer,doe81@demo.com,William Hernandez,+1-697-4752
61,test97,uhvgtrchlhgo,Business,test97@demo.com,Linda Jackson,+1-699-4908
62,doe34,mufsrascpwfg,Customer,doe34@example.com,Thomas Williams,+1-176-8098
63,doe80,kvoyizzlbeqd,Business,doe80@example.com,Michael Hernandez,+1-418-1631
64,user12,gkbdvglmimje,Customer,user12@example.com,James Rodriguez,+1-574-1164
65,guest26,fgqsshxzloig,Admin,guest26@demo.com,James Rodriguez,+1-878-3591
66,default44,colqnarrwery,Admin,default44@example.com,Sarah Davis,+1-685-5888
67,jane78,cwwxyqjxbdab,Customer,jane78@demo.com,Sarah Jones,+1-691-8678
68,jane55,wgdlzdhztvwv,Business,jane55@demo.com,Charles Smith,+1-634-4886
69,john74,wjzkvqisehmw,Admin,john74@test.com,Susan Taylor,+1-806-8907
70,guest98,oxavbvdtaplc,Customer,guest98@demo.com,Susan Hernandez,+1-291-8256
71,user18,vsnjrsxietma,Customer,user18@demo.com,Thomas Rodriguez,+1-854-7133
72,test46,ghivtfwbctcj,Admin,test46@example.com,Elizabeth Williams,+1-993-6080
73,jane8,ujimeuhsxghj,Business,jane8@example.com,Joseph Davis,+1-657-6502
74,sample86,omciswrrapjn,Business,sample86@test.com,Mary Martinez,+1-163-2830
75,john53,yallxwcuppmd,Business,john53@test.com,Linda Wilson,+1-420-8403
76,user2,uvhetzlfltvj,Customer,user2@example.com,Jessica Martin,+1-839-4265
77,default26,dbtzxlpgpuie,Business,default26@demo.com,John Moore,+1-169-8320
78,user49,etgfmkjixmfj,Business,user49@test.com,William Johnson,+1-437-6166
79,doe64,atblvmwoyawt,Admin,doe64@test.com,Richard Anderson,+1-678-8754
80,demo16,agggdymmlqdc,Customer,demo16@example.com,Linda Jackson,+1-503-7512
81,admin82,nbodyngyqufg,Business,admin82@example.com,Patricia Williams,+1-829-4910
82,sample91,ztqeyxuhbiqw,Business,sample91@example.com,Robert Lopez,+1-248-2996
83,default69,izrdpirppngy,Business,default69@test.com,Michael Gonzalez,+1-610-4931
84,test99,ufhqvaulrxhr,Admin,test99@test.com,Susan Williams,+1-961-5967
85,demo80,sxqkosacaaml,Admin,demo80@test.com,James Lopez,+1-108-8990
86,default69,csrcvtsplsmg,Customer,default69@demo.com,Karen Brown,+1-648-7547
87,doe80,gfglmbetgqlu,Customer,doe80@demo.com,Mary Jackson,+1-324-6710
88,demo48,qbqrzmdokaqc,Admin,demo48@example.com,Susan Hernandez,+1-472-6891
89,demo35,zuaxnobexwxd,Customer,demo35@demo.com,Mary Wilson,+1-188-8901
90,guest24,nymeivcktdbf,Business,guest24@example.com,Michael Moore,+1-466-2092
91,john76,vhngesvalqqm,Business,john76@demo.com,Elizabeth Thomas,+1-621-7177
92,guest39,eynekbnrjlxt,Admin,guest39@demo.com,Mary Brown,+1-735-2246
93,jane99,cuhuwzzrhsrd,Business,jane99@test.com,Jessica Brown,+1-823-9450
94,sample96,njseiahavejx,Business,sample96@demo.com,Robert Johnson,+1-599-3411
95,jane98,vqffwmmqogqr,Business,jane98@example.com,John Wilson,+1-533-8039
96,jane22,wlcmkyzfxdno,Customer,jane22@demo.com,Susan Hernandez,+1-853-6544
97,default9,laviipxargbp,Business,default9@demo.com,Thomas Gonzalez,+1-800-3163
98,user79,xmdymntsirep,Customer,user79@example.com,Michael Rodriguez,+1-568-3328
99,doe62,boxlgnbnekqz,Business,doe62@test.com,Susan Rodriguez,+1-838-5317
100,admin72,dymkdgojltnt,Admin,admin72@example.com,Richard Anderson,+1-881-1777
