USER_ID,USERNAME,PASSWORD,USER_TYPE,EMAIL,FULL_NAME,PHONE_NUMBER,,,,,,
1,IsabellaHernandez294,ttxfclqizqzq,Business,IsabellaHernandez294@example.com,Isabella Hernandez,+1-352-758-1198,,,,,,
2, DanielGarcia682,vltggpuicsig,Business, DanielGarcia682@example.com, Daniel Garcia, +1-352-499-3034,,,,,,
3, SophiaMiller237,teepzmpakirj,Business, SophiaMiller237@example.com, Sophia Miller, +1-352-264-3563,,,,,,
4, ChristopherGarcia559,ykyjtyehhcke,Business, ChristopherGarcia559@example.com, Christopher Garcia, +1-352-357-6528,,,,,,
5, SophiaAnderson798,wroxbylvpody,Business, SophiaAnderson798@example.com, Sophia Anderson, +1-352-334-8003,,,,,,
6, JohnTaylor882,nsxzycrqzuik,Business, JohnTaylor882@example.com, John Taylor, +1-352-853-3076,,,,,,
7, SophiaMiller217,qyoacgrnxxdb,Business, SophiaMiller217@example.com, Sophia Miller, +1-352-335-7168,,,,,,
8, JaneThomas657,wijzvuftwcjc,Business, JaneThomas657@example.com, Jane Thomas, +1-352-912-2372,,,,,,
9, WilliamThomas665,cogltcuxyuov,Business, WilliamThomas665@example.com, William Thomas, +1-352-259-5324,,,,,,
10, MiaAnderson667,enbbzgtwbzlw,Business, MiaAnderson667@example.com, Mia Anderson, +1-352-209-2696,,,,,,
11, JessicaAnderson353,sjodotysbill,Business, JessicaAnderson353@example.com, Jessica Anderson, +1-352-935-6792,,,,,,
12, SophiaThomas818,ahemawswtrso,Business, SophiaThomas818@example.com, Sophia Thomas, +1-352-549-9932,,,,,,
13, EthanWilliams194,drtbnzmwdssm,Business, EthanWilliams194@example.com, Ethan Williams, +1-352-860-2170,,,,,,
14, AshleyMoore331,ubuwjnklzdpk,Business, AshleyMoore331@example.com, Ashley Moore, +1-352-946-6956,,,,,,
15, AshleyThomas803,fuybxghpafef,Business, AshleyThomas803@example.com, Ashley Thomas, +1-352-715-6017,,,,,,
16, EmilyWilson391,wwcflxturczd,Business, EmilyWilson391@example.com, Emily Wilson, +1-352-228-6138,,,,,,
17, AshleyMiller511,hrpvuviixbvx,Business, AshleyMiller511@example.com, Ashley Miller, +1-352-863-3166,,,,,,
18, MatthewMartin553,tqpyiccxriqz,Business, MatthewMartin553@example.com, Matthew Martin, +1-352-385-7155,,,,,,
19, EthanWilliams638,uatgfjcxxald,Business, EthanWilliams638@example.com, Ethan Williams, +1-352-693-7810,,,,,,
20, ChristopherAnderson012,jybjfhvseakd,Business, ChristopherAnderson012@example.com, Christopher Anderson, +1-352-396-5826,,,,,,
21, WilliamGonzalez081,ezgpqrhohoih,Business, WilliamGonzalez081@example.com, William Gonzalez, +1-352-458-6131,,,,,,
22, AlexanderMiller623,fgwpawcdvxqo,Business, AlexanderMiller623@example.com, Alexander Miller, +1-352-453-2702,,,,,,
23, BenjaminSmith575,zfkhxkphkcuv,Business, BenjaminSmith575@example.com, Benjamin Smith, +1-352-727-6179,,,,,,
24, ChristopherMoore436,ovxqopqoesca,Business, ChristopherMoore436@example.com, Christopher Moore, +1-352-345-4134,,,,,,
25, JessicaMoore813,rabhjfwawqzv,Business, JessicaMoore813@example.com, Jessica Moore, +1-352-483-4112,,,,,,
26, MatthewMartinez673,bdkvrssztcmq,Business, MatthewMartinez673@example.com, Matthew Martinez, +1-352-476-1062,,,,,,
27, SarahMartin376,eyspeqqsvryq,Business, SarahMartin376@example.com, Sarah Martin, +1-352-233-4232,,,,,,
28, MiaGarcia367,ygkszcvboaqk,Business, MiaGarcia367@example.com, Mia Garcia, +1-352-201-9870,,,,,,
29, ChristopherRodriguez989,oumkuueyznhb,Business, ChristopherRodriguez989@example.com, Christopher Rodriguez, +1-352-443-4273,,,,,,
30, SophiaHernandez575,akqvdhvxonml,Business, SophiaHernandez575@example.com, Sophia Hernandez, +1-352-534-2968,,,,,,
31, SarahAnderson026,irwdgppluokl,Business, SarahAnderson026@example.com, Sarah Anderson, +1-352-620-4747,,,,,,
32, ChristopherDavis360,uevvezbbukfz,Business, ChristopherDavis360@example.com, Christopher Davis, +1-352-303-9785,,,,,,
33, MiaMartin026,hqdbrfvhvokc,Business, MiaMartin026@example.com, Mia Martin, +1-352-922-4357,,,,,,
34, WilliamMartin804,mzanybndsxdo,Business, WilliamMartin804@example.com, William Martin, +1-352-469-8669,,,,,,
35, EthanDavis860,frvsmrsioczw,Business, EthanDavis860@example.com, Ethan Davis, +1-352-362-9258,,,,,,
36, SophiaJohnson731,pmsskyjsmyca,Business, SophiaJohnson731@example.com, Sophia Johnson, +1-352-716-9049,,,,,,
37, OliviaAnderson620,ozjozehnbyeg,Business, OliviaAnderson620@example.com, Olivia Anderson, +1-352-224-6187,,,,,,
38, AvaJackson340,lxgeyhwtrtcp,Business, AvaJackson340@example.com, Ava Jackson, +1-352-840-7462,,,,,,
39, AlexanderSmith438,falkxkhqkmjv,Business, AlexanderSmith438@example.com, Alexander Smith, +1-352-736-9715,,,,,,
40, MiaMartin349,vrsbujziwtqw,Business, MiaMartin349@example.com, Mia Martin, +1-352-755-5564,,,,,,
41, SarahGarcia603,bnykfcfhvgoh,Business, SarahGarcia603@example.com, Sarah Garcia, +1-352-398-5628,,,,,,
42, IsabellaMartinez193,jbtboyqvoksu,Business, IsabellaMartinez193@example.com, Isabella Martinez, +1-352-650-4275,,,,,,
43, JohnHernandez610,jlmosbwqbzmg,Business, JohnHernandez610@example.com, John Hernandez, +1-352-368-4690,,,,,,
44, IsabellaMartin695,iowrmsouohbe,Business, IsabellaMartin695@example.com, Isabella Martin, +1-352-456-1916,,,,,,
45, AshleyThomas568,pocrwplkxftz,Business, AshleyThomas568@example.com, Ashley Thomas, +1-352-218-2334,,,,,,
46, ChristopherLopez796,szpwxrgslxch,Business, ChristopherLopez796@example.com, Christopher Lopez, +1-352-751-9306,,,,,,
47, MatthewMartinez089,dmuazekktcbm,Business, MatthewMartinez089@example.com, Matthew Martinez, +1-352-903-7442,,,,,,
48, EmilyTaylor727,fnlkclwjbpbu,Business, EmilyTaylor727@example.com, Emily Taylor, +1-352-824-3520,,,,,,
49, MatthewWilliams518,ovbhozncyidu,Business, MatthewWilliams518@example.com, Matthew Williams, +1-352-613-6067,,,,,,
50, JessicaJackson310,bxrnzzxfrgzp,Business, JessicaJackson310@example.com, Jessica Jackson, +1-352-902-6126,,,,,,
51, MatthewJones254,vnavimyhhogm,Business, MatthewJones254@example.com, Matthew Jones, +1-352-485-4785,,,,,,
52, EmilyHernandez333,hktpxukhnbly,Business, EmilyHernandez333@example.com, Emily Hernandez, +1-352-599-5304,,,,,,
53, IsabellaSmith934,plyttjkkmvvj,Business, IsabellaSmith934@example.com, Isabella Smith, +1-352-794-7221,,,,,,
54, JessicaLopez307,ooimhyozeqoi,Business, JessicaLopez307@example.com, Jessica Lopez, +1-352-348-9943,,,,,,
55, EmilyRodriguez121,zcakjliziusn,Business, EmilyRodriguez121@example.com, Emily Rodriguez, +1-352-224-5936,,,,,,
56, WilliamJackson802,ezpaxqcuyplc,Business, WilliamJackson802@example.com, William Jackson, +1-352-946-5393,,,,,,
57, BenjaminThomas842,ugkyegvaaqom,Business, BenjaminThomas842@example.com, Benjamin Thomas, +1-352-762-2189,,,,,,
58, WilliamLopez084,ljkmbeklffzk,Business, WilliamLopez084@example.com, William Lopez, +1-352-825-8140,,,,,,
59, JohnHernandez622,dofqylrrnuxr,Business, JohnHernandez622@example.com, John Hernandez, +1-352-820-7005,,,,,,
60, EmilyGarcia400,lswijlabxhss,Business, EmilyGarcia400@example.com, Emily Garcia, +1-352-789-8108,,,,,,
61, EmilyDavis054,uhvgtrchlhgo,Business, EmilyDavis054@example.com, Emily Davis, +1-352-388-4544,,,,,,
62, JohnJones881,mufsrascpwfg,Business, JohnJones881@example.com, John Jones, +1-352-475-3158,,,,,,
63, JaneMartin227,kvoyizzlbeqd,Business, JaneMartin227@example.com, Jane Martin, +1-352-816-5442,,,,,,
64, AlexanderJones845,gkbdvglmimje,Business, AlexanderJones845@example.com, Alexander Jones, +1-352-638-1147,,,,,,
65, AlexanderWilliams289,fgqsshxzloig,Business, AlexanderWilliams289@example.com, Alexander Williams, +1-352-833-2957,,,,,,
66, IsabellaMoore633,colqnarrwery,Business, IsabellaMoore633@example.com, Isabella Moore, +1-352-332-1582,,,,,,
67, MatthewMartin610,cwwxyqjxbdab,Business, MatthewMartin610@example.com, Matthew Martin, +1-352-949-2802,,,,,,
68, EthanLopez507,wgdlzdhztvwv,Business, EthanLopez507@example.com, Ethan Lopez, +1-352-346-1371,,,,,,
69, MatthewGonzalez294,wjzkvqisehmw,Business, MatthewGonzalez294@example.com, Matthew Gonzalez, +1-352-341-3548,,,,,,
70, DanielRodriguez735,oxavbvdtaplc,Business, DanielRodriguez735@example.com, Daniel Rodriguez, +1-352-500-5623,,,,,,
71, AlexanderWilson814,vsnjrsxietma,Business, AlexanderWilson814@example.com, Alexander Wilson, +1-352-971-3465,,,,,,
72, SophiaWilson015,ghivtfwbctcj,Business, SophiaWilson015@example.com, Sophia Wilson, +1-352-912-7914,,,,,,
73, JohnJones351,ujimeuhsxghj,Business, JohnJones351@example.com, John Jones, +1-352-234-5970,,,,,,
74, EmilyJones653,omciswrrapjn,Business, EmilyJones653@example.com, Emily Jones, +1-352-243-6211,,,,,,
75, MiaWilson571,yallxwcuppmd,Business, MiaWilson571@example.com, Mia Wilson, +1-352-576-6940,,,,,,
76, JohnAnderson806,uvhetzlfltvj,Business, JohnAnderson806@example.com, John Anderson, +1-352-418-4338,,,,,,
77, OliviaMartinez542,dbtzxlpgpuie,Business, OliviaMartinez542@example.com, Olivia Martinez, +1-352-277-5409,,,,,,
78, BenjaminJohnson377,etgfmkjixmfj,Business, BenjaminJohnson377@example.com, Benjamin Johnson, +1-352-989-6022,,,,,,
79, WilliamHernandez779,atblvmwoyawt,Business, WilliamHernandez779@example.com, William Hernandez, +1-352-242-5743,,,,,,
80, OliviaMiller071,agggdymmlqdc,Business, OliviaMiller071@example.com, Olivia Miller, +1-352-522-7519,,,,,,
81, ChristopherMartinez081,nbodyngyqufg,Business, ChristopherMartinez081@example.com, Christopher Martinez, +1-352-533-8740,,,,,,
82, AshleyJohnson393,ztqeyxuhbiqw,Business, AshleyJohnson393@example.com, Ashley Johnson, +1-352-493-9203,,,,,,
83, JohnJones229,izrdpirppngy,Business, JohnJones229@example.com, John Jones, +1-352-470-8022,,,,,,
84, OliviaThomas608,ufhqvaulrxhr,Business, OliviaThomas608@example.com, Olivia Thomas, +1-352-368-5680,,,,,,
85, MatthewJohnson979,sxqkosacaaml,Business, MatthewJohnson979@example.com, Matthew Johnson, +1-352-960-4241,,,,,,
86, BenjaminGarcia241,csrcvtsplsmg,Business, BenjaminGarcia241@example.com, Benjamin Garcia, +1-352-800-7928,,,,,,
87, BenjaminLopez123,gfglmbetgqlu,Business, BenjaminLopez123@example.com, Benjamin Lopez, +1-352-983-8807,,,,,,
88, MichaelRodriguez674,qbqrzmdokaqc,Business, MichaelRodriguez674@example.com, Michael Rodriguez, +1-352-235-3342,,,,,,
89, IsabellaMiller010,zuaxnobexwxd,Business, IsabellaMiller010@example.com, Isabella Miller, +1-352-744-8467,,,,,,
90, BenjaminMoore439,nymeivcktdbf,Business, BenjaminMoore439@example.com, Benjamin Moore, +1-352-710-5054,,,,,,
91, SarahTaylor579,vhngesvalqqm,Business, SarahTaylor579@example.com, Sarah Taylor, +1-352-980-9266,,,,,,
92, JaneSmith896,eynekbnrjlxt,Business, JaneSmith896@example.com, Jane Smith, +1-352-775-3419,,,,,,
93, AlexanderMoore252,cuhuwzzrhsrd,Business, AlexanderMoore252@example.com, Alexander Moore, +1-352-376-8632,,,,,,
94, BenjaminDavis347,njseiahavejx,Business, BenjaminDavis347@example.com, Benjamin Davis, +1-352-759-2624,,,,,,
95, JessicaJohnson023,vqffwmmqogqr,Business, JessicaJohnson023@example.com, Jessica Johnson, +1-352-391-8312,,,,,,
96, MatthewThomas815,wlcmkyzfxdno,Business, MatthewThomas815@example.com, Matthew Thomas, +1-352-327-7074,,,,,,
97, EthanJohnson062,laviipxargbp,Business, EthanJohnson062@example.com, Ethan Johnson, +1-352-223-8395,,,,,,
98, JaneJackson950,xmdymntsirep,Business, JaneJackson950@example.com, Jane Jackson, +1-352-697-1399,,,,,,
99, MatthewJones169,boxlgnbnekqz,Business, MatthewJones169@example.com, Matthew Jones, +1-352-684-3796,,,,,,
100, OliviaBrown655,dymkdgojltnt,Business, OliviaBrown655@example.com, Olivia Brown, +1-352-235-5430,,,,,,
101, JohnJackson554,Datepomegranate0136,Customer, JohnJackson554@example.com, John Jackson, +1-352-326-7336,,,,,,
102, MiaRodriguez742, Blackberrymango2353,Customer, MiaRodriguez742@example.com, Mia Rodriguez, +1-352-663-3186,,,,,,
103, AvaGarcia693, Pomegranatelime2703,Customer, AvaGarcia693@example.com, Ava Garcia, +1-352-709-1514,,,,,,
104, OliviaRodriguez574, Pomegranatefig7819,Customer, OliviaRodriguez574@example.com, Olivia Rodriguez, +1-352-727-2511,,,,,,
105, AshleyJohnson411, Mangowatermelon7111,Customer, AshleyJohnson411@example.com, Ashley Johnson, +1-352-982-5682,,,,,,
106, BenjaminRodriguez730, Bananapapaya0276,Customer, BenjaminRodriguez730@example.com, Benjamin Rodriguez, +1-352-692-8075,,,,,,
107, DanielMoore612, Strawberryblueberry7386,Customer, DanielMoore612@example.com, Daniel Moore, +1-352-690-3135,,,,,,
108, OliviaJackson060, Pearorange4033,Customer, OliviaJackson060@example.com, Olivia Jackson, +1-352-807-6945,,,,,,
109, JessicaThomas451, Kiwilemon3877,Customer, JessicaThomas451@example.com, Jessica Thomas, +1-352-841-5088,,,,,,
110, WilliamAnderson673, Strawberrylime9205,Customer, WilliamAnderson673@example.com, William Anderson, +1-352-852-9489,,,,,,
111, AlexanderWilson768, Watermelonblueberry1251,Customer, AlexanderWilson768@example.com, Alexander Wilson, +1-352-752-7606,,,,,,
112, AvaTaylor550, Papayacherry4474,Customer, AvaTaylor550@example.com, Ava Taylor, +1-352-796-7680,,,,,,
113, EthanMartin614, Watermelonmango8866,Customer, EthanMartin614@example.com, Ethan Martin, +1-352-825-7797,,,,,,
114, MiaJones983, Blackberrycoconut0134,Customer, MiaJones983@example.com, Mia Jones, +1-352-902-4691,,,,,,
115, MiaRodriguez522, Datelemon1437,Customer, MiaRodriguez522@example.com, Mia Rodriguez, +1-352-516-1747,,,,,,
116, ChristopherHernandez466, Avocadogrape3655,Customer, ChristopherHernandez466@example.com, Christopher Hernandez, +1-352-779-8742,,,,,,
117, JohnGarcia891, Blueberrypomegranate5694,Customer, JohnGarcia891@example.com, John Garcia, +1-352-887-5804,,,,,,
118, JohnJones105, Peachapricot0214,Customer, JohnJones105@example.com, John Jones, +1-352-327-1941,,,,,,
119, AlexanderJones268, Apricotorange3829,Customer, AlexanderJones268@example.com, Alexander Jones, +1-352-358-4251,,,,,,
120, AshleyWilliams803, Limeraspberry4707,Customer, AshleyWilliams803@example.com, Ashley Williams, +1-352-951-6993,,,,,,
121, SarahSmith426, Watermelonpeach6879,Customer, SarahSmith426@example.com, Sarah Smith, +1-352-499-3166,,,,,,
122, SarahWilson827, Papayapear0130,Customer, SarahWilson827@example.com, Sarah Wilson, +1-352-479-4312,,,,,,
123, WilliamMartinez903, Pomegranatedate7954,Customer, WilliamMartinez903@example.com, William Martinez, +1-352-468-4360,,,,,,
124, JohnAnderson586, Raspberryavocado3687,Customer, JohnAnderson586@example.com, John Anderson, +1-352-782-4252,,,,,,
125, EthanSmith231, Strawberrypineapple3717,Customer, EthanSmith231@example.com, Ethan Smith, +1-352-943-3879,,,,,,
126, EthanThomas994, Mangoorange3563,Customer, EthanThomas994@example.com, Ethan Thomas, +1-352-205-1585,,,,,,
127, AvaWilliams626, Limebanana3532,Customer, AvaWilliams626@example.com, Ava Williams, +1-352-341-1379,,,,,,
128, JessicaMartinez427, Plumwatermelon7265,Customer, JessicaMartinez427@example.com, Jessica Martinez, +1-352-788-4385,,,,,,
129, BenjaminLopez163, Figcherry8451,Customer, BenjaminLopez163@example.com, Benjamin Lopez, +1-352-414-9434,,,,,,
130, MichaelHernandez688, Apricotcoconut8565,Customer, MichaelHernandez688@example.com, Michael Hernandez, +1-352-230-9220,,,,,,
131, JohnWilson733, Applepeach9446,Customer, JohnWilson733@example.com, John Wilson, +1-352-553-5921,,,,,,
132, JamesJackson566, Orangepapaya7087,Customer, JamesJackson566@example.com, James Jackson, +1-352-333-6126,,,,,,
133, MichaelMartin245, Lemondate3624,Customer, MichaelMartin245@example.com, Michael Martin, +1-352-990-9724,,,,,,
134, OliviaMiller142, Papayalime5052,Customer, OliviaMiller142@example.com, Olivia Miller, +1-352-556-6267,,,,,,
135, OliviaMoore571, Blueberrylime9280,Customer, OliviaMoore571@example.com, Olivia Moore, +1-352-395-5759,,,,,,
136, MichaelMiller377, Bananaavocado9695,Customer, MichaelMiller377@example.com, Michael Miller, +1-352-524-4538,,,,,,
137, EmilySmith643, Mangogrape5915,Customer, EmilySmith643@example.com, Emily Smith, +1-352-530-8800,,,,,,
138, AvaDavis710, Pomegranateblackberry9760,Customer, AvaDavis710@example.com, Ava Davis, +1-352-819-8553,,,,,,
139, AshleyJackson505, Coconutapple1136,Customer, AshleyJackson505@example.com, Ashley Jackson, +1-352-428-4729,,,,,,
140, JaneMartin616, Peachfig4773,Customer, JaneMartin616@example.com, Jane Martin, +1-352-249-7709,,,,,,
141, AlexanderTaylor159, Lemonmango0413,Customer, AlexanderTaylor159@example.com, Alexander Taylor, +1-352-951-8355,,,,,,
142, ChristopherJackson482, Lemonpineapple6514,Customer, ChristopherJackson482@example.com, Christopher Jackson, +1-352-414-3057,,,,,,
143, IsabellaSmith886, Peachplum4016,Customer, IsabellaSmith886@example.com, Isabella Smith, +1-352-255-9129,,,,,,
144, AvaMoore587, Strawberrypineapple2413,Customer, AvaMoore587@example.com, Ava Moore, +1-352-804-2741,,,,,,
145, DanielMartinez694, Bananaavocado2944,Customer, DanielMartinez694@example.com, Daniel Martinez, +1-352-362-6233,,,,,,
146, AshleyJones660, Pineapplecoconut6382,Customer, AshleyJones660@example.com, Ashley Jones, +1-352-313-2069,,,,,,
147, BenjaminJones567, Lemonlime5823,Customer, BenjaminJones567@example.com, Benjamin Jones, +1-352-740-7233,,,,,,
148, SophiaMiller197, Datecoconut7222,Customer, SophiaMiller197@example.com, Sophia Miller, +1-352-808-2403,,,,,,
149, MiaGonzalez160, Plumavocado3598,Customer, MiaGonzalez160@example.com, Mia Gonzalez, +1-352-474-9404,,,,,,
150, MichaelWilliams229, Applestrawberry9792,Admin, MichaelWilliams229@example.com, Michael Williams, +1-352-695-7499,,,,,,
